/workspace/data/BM3_1/2_FoV/processed/fluor_preds/34_Propidium iodide_500_XF111-2.tif,0.11,0
/workspace/data/BM3_1/2_FoV/processed/fluor_preds/34_Propidium iodide_500_XF111-2.tif,0.11,1
/workspace/data/BM3_1/2_FoV/processed/fluor_preds/34_Propidium iodide_500_XF111-2.tif,0.11,2
/workspace/data/BM3_1/2_FoV/processed/fluor_preds/34_Propidium iodide_500_XF111-2.tif,0.11,3
/workspace/data/BM3_1/2_FoV/processed/fluor_preds/34_Propidium iodide_500_XF111-2.tif,0.11,4
/workspace/data/BM3_1/2_FoV/processed/fluor_preds/34_Propidium iodide_500_XF111-2.tif,0.11,5
/workspace/data/BM3_1/2_FoV/processed/fluor_preds/34_Propidium iodide_500_XF111-2.tif,0.11,6
/workspace/data/BM3_1/2_FoV/processed/fluor_preds/34_Propidium iodide_500_XF111-2.tif,0.11,7
/workspace/data/BM3_1/2_FoV/processed/fluor_preds/34_Propidium iodide_500_XF111-2.tif,0.11,8
/workspace/data/BM3_1/2_FoV/processed/fluor_preds/34_Propidium iodide_500_XF111-2.tif,0.11,9
/workspace/data/BM3_1/2_FoV/processed/fluor_preds/34_Propidium iodide_500_XF111-2.tif,0.11,10
/workspace/data/BM3_1/2_FoV/processed/fluor_preds/34_Propidium iodide_500_XF111-2.tif,0.11,11
/workspace/data/BM3_1/2_FoV/processed/fluor_preds/34_Propidium iodide_500_XF111-2.tif,0.11,12
/workspace/data/BM3_1/2_FoV/processed/fluor_preds/34_Propidium iodide_500_XF111-2.tif,0.11,13
/workspace/data/BM3_1/2_FoV/processed/fluor_preds/34_Propidium iodide_500_XF111-2.tif,0.11,14
/workspace/data/BM3_1/2_FoV/processed/fluor_preds/34_Propidium iodide_500_XF111-2.tif,0.11,15
/workspace/data/BM3_1/2_FoV/processed/fluor_preds/34_Propidium iodide_500_XF111-2.tif,0.11,16
/workspace/data/BM3_1/2_FoV/processed/fluor_preds/34_Propidium iodide_500_XF111-2.tif,0.11,17
/workspace/data/BM3_1/2_FoV/processed/fluor_preds/34_Propidium iodide_500_XF111-2.tif,0.11,18
/workspace/data/BM3_1/2_FoV/processed/fluor_preds/34_Propidium iodide_500_XF111-2.tif,0.11,19
/workspace/data/BM3_1/2_FoV/processed/fluor_preds/34_Propidium iodide_500_XF111-2.tif,0.11,20
/workspace/data/BM3_1/2_FoV/processed/fluor_preds/34_Propidium iodide_500_XF111-2.tif,0.11,21
/workspace/data/BM3_1/2_FoV/processed/fluor_preds/34_Propidium iodide_500_XF111-2.tif,0.11,22
/workspace/data/BM3_1/2_FoV/processed/fluor_preds/34_Propidium iodide_500_XF111-2.tif,0.11,23
/workspace/data/BM3_1/2_FoV/processed/fluor_preds/34_Propidium iodide_500_XF111-2.tif,0.11,24
/workspace/data/BM3_1/2_FoV/processed/fluor_preds/34_Propidium iodide_500_XF111-2.tif,0.11,25
/workspace/data/BM3_1/2_FoV/processed/fluor_preds/34_Propidium iodide_500_XF111-2.tif,0.11,26
/workspace/data/BM3_1/2_FoV/processed/fluor_preds/34_Propidium iodide_500_XF111-2.tif,0.11,27
/workspace/data/BM3_1/2_FoV/processed/fluor_preds/34_Propidium iodide_500_XF111-2.tif,0.11,28
/workspace/data/BM3_1/2_FoV/processed/fluor_preds/34_Propidium iodide_500_XF111-2.tif,0.11,29
/workspace/data/BM3_1/2_FoV/processed/fluor_preds/34_Propidium iodide_500_XF111-2.tif,0.11,30
/workspace/data/BM3_1/2_FoV/processed/fluor_preds/34_Propidium iodide_500_XF111-2.tif,0.11,31
/workspace/data/BM3_1/2_FoV/processed/fluor_preds/34_Propidium iodide_500_XF111-2.tif,0.11,32
/workspace/data/BM3_1/2_FoV/processed/fluor_preds/34_Propidium iodide_500_XF111-2.tif,0.11,33
/workspace/data/BM3_1/2_FoV/processed/fluor_preds/34_Propidium iodide_500_XF111-2.tif,0.11,34
/workspace/data/BM3_1/2_FoV/processed/fluor_preds/34_Propidium iodide_500_XF111-2.tif,0.11,35
/workspace/data/BM3_1/2_FoV/processed/fluor_preds/34_Propidium iodide_500_XF111-2.tif,0.11,36
/workspace/data/BM3_1/2_FoV/processed/fluor_preds/34_Propidium iodide_500_XF111-2.tif,0.11,37
/workspace/data/BM3_1/2_FoV/processed/fluor_preds/34_Propidium iodide_500_XF111-2.tif,0.11,38
/workspace/data/BM3_1/2_FoV/processed/fluor_preds/34_Propidium iodide_500_XF111-2.tif,0.11,39
/workspace/data/BM3_1/2_FoV/processed/fluor_preds/34_Propidium iodide_500_XF111-2.tif,0.11,40
/workspace/data/BM3_1/2_FoV/processed/fluor_preds/34_Propidium iodide_500_XF111-2.tif,0.11,41
/workspace/data/BM3_1/2_FoV/processed/fluor_preds/34_Propidium iodide_500_XF111-2.tif,0.11,42
/workspace/data/BM3_1/2_FoV/processed/fluor_preds/34_Propidium iodide_500_XF111-2.tif,0.11,43
/workspace/data/BM3_1/2_FoV/processed/fluor_preds/34_Propidium iodide_500_XF111-2.tif,0.11,44
/workspace/data/BM3_1/2_FoV/processed/fluor_preds/34_Propidium iodide_500_XF111-2.tif,0.11,45
/workspace/data/BM3_1/2_FoV/processed/fluor_preds/34_Propidium iodide_500_XF111-2.tif,0.11,46
/workspace/data/BM3_1/2_FoV/processed/fluor_preds/34_Propidium iodide_500_XF111-2.tif,0.11,47
/workspace/data/BM3_1/2_FoV/processed/fluor_preds/34_Propidium iodide_500_XF111-2.tif,0.11,48
/workspace/data/BM3_1/2_FoV/processed/fluor_preds/34_Propidium iodide_500_XF111-2.tif,0.11,49
/workspace/data/BM3_1/2_FoV/processed/fluor_preds/34_Propidium iodide_500_XF111-2.tif,0.11,50
/workspace/data/BM3_1/2_FoV/processed/fluor_preds/34_Propidium iodide_500_XF111-2.tif,0.11,51
/workspace/data/BM3_1/2_FoV/processed/fluor_preds/34_Propidium iodide_500_XF111-2.tif,0.11,52
/workspace/data/BM3_1/2_FoV/processed/fluor_preds/34_Propidium iodide_500_XF111-2.tif,0.11,53
/workspace/data/BM3_1/2_FoV/processed/fluor_preds/34_Propidium iodide_500_XF111-2.tif,0.11,54
/workspace/data/BM3_1/2_FoV/processed/fluor_preds/34_Propidium iodide_500_XF111-2.tif,0.11,55
/workspace/data/BM3_1/2_FoV/processed/fluor_preds/34_Propidium iodide_500_XF111-2.tif,0.11,56
/workspace/data/BM3_1/2_FoV/processed/fluor_preds/34_Propidium iodide_500_XF111-2.tif,0.11,57
/workspace/data/BM3_1/2_FoV/processed/fluor_preds/34_Propidium iodide_500_XF111-2.tif,0.11,58
/workspace/data/BM3_1/2_FoV/processed/fluor_preds/34_Propidium iodide_500_XF111-2.tif,0.11,59
/workspace/data/BM3_1/2_FoV/processed/fluor_preds/34_Propidium iodide_500_XF111-2.tif,0.11,60
/workspace/data/BM3_1/2_FoV/processed/fluor_preds/34_Propidium iodide_500_XF111-2.tif,0.11,61
/workspace/data/BM3_1/2_FoV/processed/fluor_preds/34_Propidium iodide_500_XF111-2.tif,0.11,62
/workspace/data/BM3_1/2_FoV/processed/fluor_preds/34_Propidium iodide_500_XF111-2.tif,0.11,63
/workspace/data/BM3_1/2_FoV/processed/fluor_preds/34_Propidium iodide_500_XF111-2.tif,0.11,64
/workspace/data/BM3_1/2_FoV/processed/fluor_preds/34_Propidium iodide_500_XF111-2.tif,0.11,65
/workspace/data/BM3_1/2_FoV/processed/fluor_preds/34_Propidium iodide_500_XF111-2.tif,0.11,66
/workspace/data/BM3_1/2_FoV/processed/fluor_preds/34_Propidium iodide_500_XF111-2.tif,0.11,67
/workspace/data/BM3_1/2_FoV/processed/fluor_preds/34_Propidium iodide_500_XF111-2.tif,0.11,68
/workspace/data/BM3_1/2_FoV/processed/fluor_preds/34_Propidium iodide_500_XF111-2.tif,0.11,69
/workspace/data/BM3_1/2_FoV/processed/fluor_preds/34_Propidium iodide_500_XF111-2.tif,0.11,70
/workspace/data/BM3_1/2_FoV/processed/fluor_preds/34_Propidium iodide_500_XF111-2.tif,0.11,71
/workspace/data/BM3_1/2_FoV/processed/fluor_preds/34_Propidium iodide_500_XF111-2.tif,0.11,72
/workspace/data/BM3_1/2_FoV/processed/fluor_preds/34_Propidium iodide_500_XF111-2.tif,0.11,73
/workspace/data/BM3_1/2_FoV/processed/fluor_preds/34_Propidium iodide_500_XF111-2.tif,0.11,74
/workspace/data/BM3_1/2_FoV/processed/fluor_preds/34_Propidium iodide_500_XF111-2.tif,0.11,75
/workspace/data/BM3_1/2_FoV/processed/fluor_preds/34_Propidium iodide_500_XF111-2.tif,0.11,76
/workspace/data/BM3_1/2_FoV/processed/fluor_preds/34_Propidium iodide_500_XF111-2.tif,0.11,77
/workspace/data/BM3_1/2_FoV/processed/fluor_preds/34_Propidium iodide_500_XF111-2.tif,0.11,78
/workspace/data/BM3_1/2_FoV/processed/fluor_preds/34_Propidium iodide_500_XF111-2.tif,0.11,79
/workspace/data/BM3_1/2_FoV/processed/fluor_preds/34_Propidium iodide_500_XF111-2.tif,0.11,80
/workspace/data/BM3_1/2_FoV/processed/fluor_preds/34_Propidium iodide_500_XF111-2.tif,0.11,81
/workspace/data/BM3_1/2_FoV/processed/fluor_preds/34_Propidium iodide_500_XF111-2.tif,0.11,82
/workspace/data/BM3_1/2_FoV/processed/fluor_preds/34_Propidium iodide_500_XF111-2.tif,0.11,83
/workspace/data/BM3_1/2_FoV/processed/fluor_preds/34_Propidium iodide_500_XF111-2.tif,0.11,84
/workspace/data/BM3_1/2_FoV/processed/fluor_preds/34_Propidium iodide_500_XF111-2.tif,0.11,85
/workspace/data/BM3_1/2_FoV/processed/fluor_preds/34_Propidium iodide_500_XF111-2.tif,0.11,86
/workspace/data/BM3_1/2_FoV/processed/fluor_preds/34_Propidium iodide_500_XF111-2.tif,0.11,87
/workspace/data/BM3_1/2_FoV/processed/fluor_preds/34_Propidium iodide_500_XF111-2.tif,0.11,88
/workspace/data/BM3_1/2_FoV/processed/fluor_preds/34_Propidium iodide_500_XF111-2.tif,0.11,89
/workspace/data/BM3_1/2_FoV/processed/fluor_preds/34_Propidium iodide_500_XF111-2.tif,0.11,90
/workspace/data/BM3_1/2_FoV/processed/fluor_preds/34_Propidium iodide_500_XF111-2.tif,0.11,91
/workspace/data/BM3_1/2_FoV/processed/fluor_preds/34_Propidium iodide_500_XF111-2.tif,0.11,92
/workspace/data/BM3_1/2_FoV/processed/fluor_preds/34_Propidium iodide_500_XF111-2.tif,0.11,93
/workspace/data/BM3_1/2_FoV/processed/fluor_preds/34_Propidium iodide_500_XF111-2.tif,0.11,94
/workspace/data/BM3_1/2_FoV/processed/fluor_preds/34_Propidium iodide_500_XF111-2.tif,0.11,95
/workspace/data/BM3_1/2_FoV/processed/fluor_preds/34_Propidium iodide_500_XF111-2.tif,0.11,96
/workspace/data/BM3_1/2_FoV/processed/fluor_preds/34_Propidium iodide_500_XF111-2.tif,0.11,97
/workspace/data/BM3_1/2_FoV/processed/fluor_preds/34_Propidium iodide_500_XF111-2.tif,0.11,98
/workspace/data/BM3_1/2_FoV/processed/fluor_preds/34_Propidium iodide_500_XF111-2.tif,0.11,99
/workspace/data/BM3_1/2_FoV/processed/fluor_preds/34_Propidium iodide_500_XF111-2.tif,0.11,100
/workspace/data/BM3_1/2_FoV/processed/fluor_preds/34_Propidium iodide_500_XF111-2.tif,0.11,101
/workspace/data/BM3_1/2_FoV/processed/fluor_preds/34_Propidium iodide_500_XF111-2.tif,0.11,102
/workspace/data/BM3_1/2_FoV/processed/fluor_preds/34_Propidium iodide_500_XF111-2.tif,0.11,103
/workspace/data/BM3_1/2_FoV/processed/fluor_preds/34_Propidium iodide_500_XF111-2.tif,0.11,104
/workspace/data/BM3_1/2_FoV/processed/fluor_preds/34_Propidium iodide_500_XF111-2.tif,0.11,105
/workspace/data/BM3_1/2_FoV/processed/fluor_preds/34_Propidium iodide_500_XF111-2.tif,0.11,106
/workspace/data/BM3_1/2_FoV/processed/fluor_preds/34_Propidium iodide_500_XF111-2.tif,0.11,107
/workspace/data/BM3_1/2_FoV/processed/fluor_preds/34_Propidium iodide_500_XF111-2.tif,0.11,108
/workspace/data/BM3_1/2_FoV/processed/fluor_preds/34_Propidium iodide_500_XF111-2.tif,0.11,109
/workspace/data/BM3_1/2_FoV/processed/fluor_preds/34_Propidium iodide_500_XF111-2.tif,0.11,110
/workspace/data/BM3_1/2_FoV/processed/fluor_preds/34_Propidium iodide_500_XF111-2.tif,0.11,111
/workspace/data/BM3_1/2_FoV/processed/fluor_preds/34_Propidium iodide_500_XF111-2.tif,0.11,112
/workspace/data/BM3_1/2_FoV/processed/fluor_preds/34_Propidium iodide_500_XF111-2.tif,0.11,113
/workspace/data/BM3_1/2_FoV/processed/fluor_preds/34_Propidium iodide_500_XF111-2.tif,0.11,114
/workspace/data/BM3_1/2_FoV/processed/fluor_preds/34_Propidium iodide_500_XF111-2.tif,0.11,115
/workspace/data/BM3_1/2_FoV/processed/fluor_preds/34_Propidium iodide_500_XF111-2.tif,0.11,116
/workspace/data/BM3_1/2_FoV/processed/fluor_preds/34_Propidium iodide_500_XF111-2.tif,0.11,117
/workspace/data/BM3_1/2_FoV/processed/fluor_preds/34_Propidium iodide_500_XF111-2.tif,0.11,118
/workspace/data/BM3_1/2_FoV/processed/fluor_preds/34_Propidium iodide_500_XF111-2.tif,0.11,119
/workspace/data/BM3_1/2_FoV/processed/fluor_preds/34_Propidium iodide_500_XF111-2.tif,0.11,120
/workspace/data/BM3_1/2_FoV/processed/fluor_preds/34_Propidium iodide_500_XF111-2.tif,0.11,121
/workspace/data/BM3_1/2_FoV/processed/fluor_preds/34_Propidium iodide_500_XF111-2.tif,0.11,122
/workspace/data/BM3_1/2_FoV/processed/fluor_preds/34_Propidium iodide_500_XF111-2.tif,0.11,123
/workspace/data/BM3_1/2_FoV/processed/fluor_preds/34_Propidium iodide_500_XF111-2.tif,0.11,124
/workspace/data/BM3_1/2_FoV/processed/fluor_preds/34_Propidium iodide_500_XF111-2.tif,0.11,125
/workspace/data/BM3_1/2_FoV/processed/fluor_preds/34_Propidium iodide_500_XF111-2.tif,0.11,126
/workspace/data/BM3_1/2_FoV/processed/fluor_preds/34_Propidium iodide_500_XF111-2.tif,0.11,127
/workspace/data/BM3_1/2_FoV/processed/fluor_preds/34_Propidium iodide_500_XF111-2.tif,0.11,128
/workspace/data/BM3_1/2_FoV/processed/fluor_preds/34_Propidium iodide_500_XF111-2.tif,0.11,129
/workspace/data/BM3_1/2_FoV/processed/fluor_preds/34_Propidium iodide_500_XF111-2.tif,0.11,130
/workspace/data/BM3_1/2_FoV/processed/fluor_preds/34_Propidium iodide_500_XF111-2.tif,0.11,131
/workspace/data/BM3_1/2_FoV/processed/fluor_preds/34_Propidium iodide_500_XF111-2.tif,0.11,132
/workspace/data/BM3_1/2_FoV/processed/fluor_preds/34_Propidium iodide_500_XF111-2.tif,0.11,133
/workspace/data/BM3_1/2_FoV/processed/fluor_preds/34_Propidium iodide_500_XF111-2.tif,0.11,134
/workspace/data/BM3_1/2_FoV/processed/fluor_preds/34_Propidium iodide_500_XF111-2.tif,0.11,135
/workspace/data/BM3_1/2_FoV/processed/fluor_preds/34_Propidium iodide_500_XF111-2.tif,0.11,136
/workspace/data/BM3_1/2_FoV/processed/fluor_preds/34_Propidium iodide_500_XF111-2.tif,0.11,137
/workspace/data/BM3_1/2_FoV/processed/fluor_preds/34_Propidium iodide_500_XF111-2.tif,0.11,138
/workspace/data/BM3_1/2_FoV/processed/fluor_preds/34_Propidium iodide_500_XF111-2.tif,0.11,139
/workspace/data/BM3_1/2_FoV/processed/fluor_preds/34_Propidium iodide_500_XF111-2.tif,0.11,140
/workspace/data/BM3_1/2_FoV/processed/fluor_preds/34_Propidium iodide_500_XF111-2.tif,0.11,141
/workspace/data/BM3_1/2_FoV/processed/fluor_preds/34_Propidium iodide_500_XF111-2.tif,0.11,142
/workspace/data/BM3_1/2_FoV/processed/fluor_preds/34_Propidium iodide_500_XF111-2.tif,0.11,143
/workspace/data/BM3_1/2_FoV/processed/fluor_preds/34_Propidium iodide_500_XF111-2.tif,0.11,144
/workspace/data/BM3_1/2_FoV/processed/fluor_preds/34_Propidium iodide_500_XF111-2.tif,0.11,145
/workspace/data/BM3_1/2_FoV/processed/fluor_preds/34_Propidium iodide_500_XF111-2.tif,0.11,146
/workspace/data/BM3_1/2_FoV/processed/fluor_preds/34_Propidium iodide_500_XF111-2.tif,0.11,147
/workspace/data/BM3_1/2_FoV/processed/fluor_preds/34_Propidium iodide_500_XF111-2.tif,0.11,148
/workspace/data/BM3_1/2_FoV/processed/fluor_preds/34_Propidium iodide_500_XF111-2.tif,0.11,149
/workspace/data/BM3_1/2_FoV/processed/fluor_preds/34_Propidium iodide_500_XF111-2.tif,0.11,150
/workspace/data/BM3_1/2_FoV/processed/fluor_preds/34_Propidium iodide_500_XF111-2.tif,0.11,151
/workspace/data/BM3_1/2_FoV/processed/fluor_preds/34_Propidium iodide_500_XF111-2.tif,0.11,152
/workspace/data/BM3_1/2_FoV/processed/fluor_preds/34_Propidium iodide_500_XF111-2.tif,0.11,153
/workspace/data/BM3_1/2_FoV/processed/fluor_preds/34_Propidium iodide_500_XF111-2.tif,0.11,154
/workspace/data/BM3_1/2_FoV/processed/fluor_preds/34_Propidium iodide_500_XF111-2.tif,0.11,155
/workspace/data/BM3_1/2_FoV/processed/fluor_preds/34_Propidium iodide_500_XF111-2.tif,0.11,156
/workspace/data/BM3_1/2_FoV/processed/fluor_preds/34_Propidium iodide_500_XF111-2.tif,0.11,157
/workspace/data/BM3_1/2_FoV/processed/fluor_preds/34_Propidium iodide_500_XF111-2.tif,0.11,158
/workspace/data/BM3_1/2_FoV/processed/fluor_preds/34_Propidium iodide_500_XF111-2.tif,0.11,159
/workspace/data/BM3_1/2_FoV/processed/fluor_preds/34_Propidium iodide_500_XF111-2.tif,0.11,160
/workspace/data/BM3_1/2_FoV/processed/fluor_preds/34_Propidium iodide_500_XF111-2.tif,0.11,161
/workspace/data/BM3_1/2_FoV/processed/fluor_preds/34_Propidium iodide_500_XF111-2.tif,0.11,162
/workspace/data/BM3_1/2_FoV/processed/fluor_preds/34_Propidium iodide_500_XF111-2.tif,0.11,163
/workspace/data/BM3_1/2_FoV/processed/fluor_preds/34_Propidium iodide_500_XF111-2.tif,0.11,164
/workspace/data/BM3_1/2_FoV/processed/fluor_preds/34_Propidium iodide_500_XF111-2.tif,0.11,165
/workspace/data/BM3_1/2_FoV/processed/fluor_preds/34_Propidium iodide_500_XF111-2.tif,0.11,166
/workspace/data/BM3_1/2_FoV/processed/fluor_preds/34_Propidium iodide_500_XF111-2.tif,0.11,167
/workspace/data/BM3_1/2_FoV/processed/fluor_preds/34_Propidium iodide_500_XF111-2.tif,0.11,168
/workspace/data/BM3_1/2_FoV/processed/fluor_preds/34_Propidium iodide_500_XF111-2.tif,0.11,169
/workspace/data/BM3_1/2_FoV/processed/fluor_preds/34_Propidium iodide_500_XF111-2.tif,0.11,170
/workspace/data/BM3_1/2_FoV/processed/fluor_preds/34_Propidium iodide_500_XF111-2.tif,0.11,171
/workspace/data/BM3_1/2_FoV/processed/fluor_preds/34_Propidium iodide_500_XF111-2.tif,0.11,172
/workspace/data/BM3_1/2_FoV/processed/fluor_preds/34_Propidium iodide_500_XF111-2.tif,0.11,173
/workspace/data/BM3_1/2_FoV/processed/fluor_preds/34_Propidium iodide_500_XF111-2.tif,0.11,174
/workspace/data/BM3_1/2_FoV/processed/fluor_preds/34_Propidium iodide_500_XF111-2.tif,0.11,175
/workspace/data/BM3_1/2_FoV/processed/fluor_preds/34_Propidium iodide_500_XF111-2.tif,0.11,176
/workspace/data/BM3_1/2_FoV/processed/fluor_preds/34_Propidium iodide_500_XF111-2.tif,0.11,177
/workspace/data/BM3_1/2_FoV/processed/fluor_preds/34_Propidium iodide_500_XF111-2.tif,0.11,178
/workspace/data/BM3_1/2_FoV/processed/fluor_preds/34_Propidium iodide_500_XF111-2.tif,0.11,179
/workspace/data/BM3_1/2_FoV/processed/fluor_preds/34_Propidium iodide_500_XF111-2.tif,0.11,180
/workspace/data/BM3_1/2_FoV/processed/fluor_preds/34_Propidium iodide_500_XF111-2.tif,0.11,181
/workspace/data/BM3_1/2_FoV/processed/fluor_preds/34_Propidium iodide_500_XF111-2.tif,0.11,182
/workspace/data/BM3_1/2_FoV/processed/fluor_preds/34_Propidium iodide_500_XF111-2.tif,0.11,183
/workspace/data/BM3_1/2_FoV/processed/fluor_preds/34_Propidium iodide_500_XF111-2.tif,0.11,184
/workspace/data/BM3_1/2_FoV/processed/fluor_preds/34_Propidium iodide_500_XF111-2.tif,0.11,185
/workspace/data/BM3_1/2_FoV/processed/fluor_preds/34_Propidium iodide_500_XF111-2.tif,0.11,186
/workspace/data/BM3_1/2_FoV/processed/fluor_preds/34_Propidium iodide_500_XF111-2.tif,0.11,187
/workspace/data/BM3_1/2_FoV/processed/fluor_preds/34_Propidium iodide_500_XF111-2.tif,0.11,188
/workspace/data/BM3_1/2_FoV/processed/fluor_preds/34_Propidium iodide_500_XF111-2.tif,0.11,189
/workspace/data/BM3_1/2_FoV/processed/fluor_preds/34_Propidium iodide_500_XF111-2.tif,0.11,190
/workspace/data/BM3_1/2_FoV/processed/fluor_preds/34_Propidium iodide_500_XF111-2.tif,0.11,191
/workspace/data/BM3_1/2_FoV/processed/fluor_preds/34_Propidium iodide_500_XF111-2.tif,0.11,192
/workspace/data/BM3_1/2_FoV/processed/fluor_preds/34_Propidium iodide_500_XF111-2.tif,0.11,193
/workspace/data/BM3_1/2_FoV/processed/fluor_preds/34_Propidium iodide_500_XF111-2.tif,0.11,194
/workspace/data/BM3_1/2_FoV/processed/fluor_preds/34_Propidium iodide_500_XF111-2.tif,0.11,195
/workspace/data/BM3_1/2_FoV/processed/fluor_preds/34_Propidium iodide_500_XF111-2.tif,0.11,196
/workspace/data/BM3_1/2_FoV/processed/fluor_preds/34_Propidium iodide_500_XF111-2.tif,0.11,197
/workspace/data/BM3_1/2_FoV/processed/fluor_preds/34_Propidium iodide_500_XF111-2.tif,0.11,198
/workspace/data/BM3_1/2_FoV/processed/fluor_preds/34_Propidium iodide_500_XF111-2.tif,0.11,199
/workspace/data/BM3_1/2_FoV/processed/fluor_preds/34_Propidium iodide_500_XF111-2.tif,0.11,200
/workspace/data/BM3_1/2_FoV/processed/fluor_preds/34_Propidium iodide_500_XF111-2.tif,0.11,201
/workspace/data/BM3_1/2_FoV/processed/fluor_preds/34_Propidium iodide_500_XF111-2.tif,0.11,202
/workspace/data/BM3_1/2_FoV/processed/fluor_preds/34_Propidium iodide_500_XF111-2.tif,0.11,203
/workspace/data/BM3_1/2_FoV/processed/fluor_preds/34_Propidium iodide_500_XF111-2.tif,0.11,204
/workspace/data/BM3_1/2_FoV/processed/fluor_preds/34_Propidium iodide_500_XF111-2.tif,0.11,205
/workspace/data/BM3_1/2_FoV/processed/fluor_preds/34_Propidium iodide_500_XF111-2.tif,0.11,206
/workspace/data/BM3_1/2_FoV/processed/fluor_preds/34_Propidium iodide_500_XF111-2.tif,0.11,207
/workspace/data/BM3_1/2_FoV/processed/fluor_preds/34_Propidium iodide_500_XF111-2.tif,0.11,208
/workspace/data/BM3_1/2_FoV/processed/fluor_preds/34_Propidium iodide_500_XF111-2.tif,0.11,209
/workspace/data/BM3_1/2_FoV/processed/fluor_preds/34_Propidium iodide_500_XF111-2.tif,0.11,210
/workspace/data/BM3_1/2_FoV/processed/fluor_preds/34_Propidium iodide_500_XF111-2.tif,0.11,211
/workspace/data/BM3_1/2_FoV/processed/fluor_preds/34_Propidium iodide_500_XF111-2.tif,0.11,212
/workspace/data/BM3_1/2_FoV/processed/fluor_preds/34_Propidium iodide_500_XF111-2.tif,0.11,213
/workspace/data/BM3_1/2_FoV/processed/fluor_preds/34_Propidium iodide_500_XF111-2.tif,0.11,214
/workspace/data/BM3_1/2_FoV/processed/fluor_preds/34_Propidium iodide_500_XF111-2.tif,0.11,215
/workspace/data/BM3_1/2_FoV/processed/fluor_preds/34_Propidium iodide_500_XF111-2.tif,0.11,216
/workspace/data/BM3_1/2_FoV/processed/fluor_preds/34_Propidium iodide_500_XF111-2.tif,0.11,217
/workspace/data/BM3_1/2_FoV/processed/fluor_preds/34_Propidium iodide_500_XF111-2.tif,0.11,218
/workspace/data/BM3_1/2_FoV/processed/fluor_preds/34_Propidium iodide_500_XF111-2.tif,0.11,219
/workspace/data/BM3_1/2_FoV/processed/fluor_preds/34_Propidium iodide_500_XF111-2.tif,0.11,220
/workspace/data/BM3_1/2_FoV/processed/fluor_preds/34_Propidium iodide_500_XF111-2.tif,0.11,221
/workspace/data/BM3_1/2_FoV/processed/fluor_preds/34_Propidium iodide_500_XF111-2.tif,0.11,222
/workspace/data/BM3_1/2_FoV/processed/fluor_preds/34_Propidium iodide_500_XF111-2.tif,0.11,223
/workspace/data/BM3_1/2_FoV/processed/fluor_preds/34_Propidium iodide_500_XF111-2.tif,0.11,224
/workspace/data/BM3_1/2_FoV/processed/fluor_preds/34_Propidium iodide_500_XF111-2.tif,0.11,225
/workspace/data/BM3_1/2_FoV/processed/fluor_preds/34_Propidium iodide_500_XF111-2.tif,0.11,226
/workspace/data/BM3_1/2_FoV/processed/fluor_preds/34_Propidium iodide_500_XF111-2.tif,0.11,227
/workspace/data/BM3_1/2_FoV/processed/fluor_preds/34_Propidium iodide_500_XF111-2.tif,0.11,228
/workspace/data/BM3_1/2_FoV/processed/fluor_preds/34_Propidium iodide_500_XF111-2.tif,0.11,229
/workspace/data/BM3_1/2_FoV/processed/fluor_preds/34_Propidium iodide_500_XF111-2.tif,0.11,230
/workspace/data/BM3_1/2_FoV/processed/fluor_preds/34_Propidium iodide_500_XF111-2.tif,0.11,231
/workspace/data/BM3_1/2_FoV/processed/fluor_preds/34_Propidium iodide_500_XF111-2.tif,0.11,232
/workspace/data/BM3_1/2_FoV/processed/fluor_preds/34_Propidium iodide_500_XF111-2.tif,0.11,233
/workspace/data/BM3_1/2_FoV/processed/fluor_preds/34_Propidium iodide_500_XF111-2.tif,0.11,234
/workspace/data/BM3_1/2_FoV/processed/fluor_preds/34_Propidium iodide_500_XF111-2.tif,0.11,235
/workspace/data/BM3_1/2_FoV/processed/fluor_preds/34_Propidium iodide_500_XF111-2.tif,0.11,236
/workspace/data/BM3_1/2_FoV/processed/fluor_preds/34_Propidium iodide_500_XF111-2.tif,0.11,237
/workspace/data/BM3_1/2_FoV/processed/fluor_preds/34_Propidium iodide_500_XF111-2.tif,0.11,238
/workspace/data/BM3_1/2_FoV/processed/fluor_preds/34_Propidium iodide_500_XF111-2.tif,0.11,239
/workspace/data/BM3_1/2_FoV/processed/fluor_preds/34_Propidium iodide_500_XF111-2.tif,0.11,240
/workspace/data/BM3_1/2_FoV/processed/fluor_preds/34_Propidium iodide_500_XF111-2.tif,0.11,241
/workspace/data/BM3_1/2_FoV/processed/fluor_preds/34_Propidium iodide_500_XF111-2.tif,0.11,242
/workspace/data/BM3_1/2_FoV/processed/fluor_preds/34_Propidium iodide_500_XF111-2.tif,0.11,243
/workspace/data/BM3_1/2_FoV/processed/fluor_preds/34_Propidium iodide_500_XF111-2.tif,0.11,244
/workspace/data/BM3_1/2_FoV/processed/fluor_preds/34_Propidium iodide_500_XF111-2.tif,0.11,245
/workspace/data/BM3_1/2_FoV/processed/fluor_preds/34_Propidium iodide_500_XF111-2.tif,0.11,246
/workspace/data/BM3_1/2_FoV/processed/fluor_preds/34_Propidium iodide_500_XF111-2.tif,0.11,247
/workspace/data/BM3_1/2_FoV/processed/fluor_preds/34_Propidium iodide_500_XF111-2.tif,0.11,248
/workspace/data/BM3_1/2_FoV/processed/fluor_preds/34_Propidium iodide_500_XF111-2.tif,0.11,249
/workspace/data/BM3_1/2_FoV/processed/fluor_preds/34_Propidium iodide_500_XF111-2.tif,0.11,250
/workspace/data/BM3_1/2_FoV/processed/fluor_preds/34_Propidium iodide_500_XF111-2.tif,0.11,251
/workspace/data/BM3_1/2_FoV/processed/fluor_preds/34_Propidium iodide_500_XF111-2.tif,0.11,252
/workspace/data/BM3_1/2_FoV/processed/fluor_preds/34_Propidium iodide_500_XF111-2.tif,0.11,253
/workspace/data/BM3_1/2_FoV/processed/fluor_preds/34_Propidium iodide_500_XF111-2.tif,0.11,254
/workspace/data/BM3_1/2_FoV/processed/fluor_preds/34_Propidium iodide_500_XF111-2.tif,0.11,255
/workspace/data/BM3_1/2_FoV/processed/fluor_preds/34_Propidium iodide_500_XF111-2.tif,0.11,256
/workspace/data/BM3_1/2_FoV/processed/fluor_preds/34_Propidium iodide_500_XF111-2.tif,0.11,257
/workspace/data/BM3_1/2_FoV/processed/fluor_preds/34_Propidium iodide_500_XF111-2.tif,0.11,258
/workspace/data/BM3_1/2_FoV/processed/fluor_preds/34_Propidium iodide_500_XF111-2.tif,0.11,259
/workspace/data/BM3_1/2_FoV/processed/fluor_preds/34_Propidium iodide_500_XF111-2.tif,0.11,260
/workspace/data/BM3_1/2_FoV/processed/fluor_preds/34_Propidium iodide_500_XF111-2.tif,0.11,261
/workspace/data/BM3_1/2_FoV/processed/fluor_preds/34_Propidium iodide_500_XF111-2.tif,0.11,262
/workspace/data/BM3_1/2_FoV/processed/fluor_preds/34_Propidium iodide_500_XF111-2.tif,0.11,263
/workspace/data/BM3_1/2_FoV/processed/fluor_preds/34_Propidium iodide_500_XF111-2.tif,0.11,264
/workspace/data/BM3_1/2_FoV/processed/fluor_preds/34_Propidium iodide_500_XF111-2.tif,0.11,265
/workspace/data/BM3_1/2_FoV/processed/fluor_preds/34_Propidium iodide_500_XF111-2.tif,0.11,266
/workspace/data/BM3_1/2_FoV/processed/fluor_preds/34_Propidium iodide_500_XF111-2.tif,0.11,267
/workspace/data/BM3_1/2_FoV/processed/fluor_preds/34_Propidium iodide_500_XF111-2.tif,0.11,268
/workspace/data/BM3_1/2_FoV/processed/fluor_preds/34_Propidium iodide_500_XF111-2.tif,0.11,269
/workspace/data/BM3_1/2_FoV/processed/fluor_preds/34_Propidium iodide_500_XF111-2.tif,0.11,270
/workspace/data/BM3_1/2_FoV/processed/fluor_preds/34_Propidium iodide_500_XF111-2.tif,0.11,271
/workspace/data/BM3_1/2_FoV/processed/fluor_preds/34_Propidium iodide_500_XF111-2.tif,0.11,272
/workspace/data/BM3_1/2_FoV/processed/fluor_preds/34_Propidium iodide_500_XF111-2.tif,0.11,273
/workspace/data/BM3_1/2_FoV/processed/fluor_preds/34_Propidium iodide_500_XF111-2.tif,0.11,274
/workspace/data/BM3_1/2_FoV/processed/fluor_preds/34_Propidium iodide_500_XF111-2.tif,0.11,275
/workspace/data/BM3_1/2_FoV/processed/fluor_preds/34_Propidium iodide_500_XF111-2.tif,0.11,276
/workspace/data/BM3_1/2_FoV/processed/fluor_preds/34_Propidium iodide_500_XF111-2.tif,0.11,277
/workspace/data/BM3_1/2_FoV/processed/fluor_preds/34_Propidium iodide_500_XF111-2.tif,0.11,278
/workspace/data/BM3_1/2_FoV/processed/fluor_preds/34_Propidium iodide_500_XF111-2.tif,0.11,279
/workspace/data/BM3_1/2_FoV/processed/fluor_preds/34_Propidium iodide_500_XF111-2.tif,0.11,280
/workspace/data/BM3_1/2_FoV/processed/fluor_preds/34_Propidium iodide_500_XF111-2.tif,0.11,281
/workspace/data/BM3_1/2_FoV/processed/fluor_preds/34_Propidium iodide_500_XF111-2.tif,0.11,282
/workspace/data/BM3_1/2_FoV/processed/fluor_preds/34_Propidium iodide_500_XF111-2.tif,0.11,283
/workspace/data/BM3_1/2_FoV/processed/fluor_preds/34_Propidium iodide_500_XF111-2.tif,0.11,284
/workspace/data/BM3_1/2_FoV/processed/fluor_preds/34_Propidium iodide_500_XF111-2.tif,0.11,285
/workspace/data/BM3_1/2_FoV/processed/fluor_preds/34_Propidium iodide_500_XF111-2.tif,0.11,286
/workspace/data/BM3_1/2_FoV/processed/fluor_preds/34_Propidium iodide_500_XF111-2.tif,0.11,287
/workspace/data/BM3_1/2_FoV/processed/fluor_preds/34_Propidium iodide_500_XF111-2.tif,0.11,288
/workspace/data/BM3_1/2_FoV/processed/fluor_preds/34_Propidium iodide_500_XF111-2.tif,0.11,289
/workspace/data/BM3_1/2_FoV/processed/fluor_preds/34_Propidium iodide_500_XF111-2.tif,0.11,290
/workspace/data/BM3_1/2_FoV/processed/fluor_preds/34_Propidium iodide_500_XF111-2.tif,0.11,291
/workspace/data/BM3_1/2_FoV/processed/fluor_preds/34_Propidium iodide_500_XF111-2.tif,0.11,292
/workspace/data/BM3_1/2_FoV/processed/fluor_preds/34_Propidium iodide_500_XF111-2.tif,0.11,293
/workspace/data/BM3_1/2_FoV/processed/fluor_preds/34_Propidium iodide_500_XF111-2.tif,0.11,294
/workspace/data/BM3_1/2_FoV/processed/fluor_preds/34_Propidium iodide_500_XF111-2.tif,0.11,295
/workspace/data/BM3_1/2_FoV/processed/fluor_preds/34_Propidium iodide_500_XF111-2.tif,0.11,296
/workspace/data/BM3_1/2_FoV/processed/fluor_preds/34_Propidium iodide_500_XF111-2.tif,0.11,297
/workspace/data/BM3_1/2_FoV/processed/fluor_preds/34_Propidium iodide_500_XF111-2.tif,0.11,298
/workspace/data/BM3_1/2_FoV/processed/fluor_preds/34_Propidium iodide_500_XF111-2.tif,0.11,299
/workspace/data/BM3_1/2_FoV/processed/fluor_preds/34_Propidium iodide_500_XF111-2.tif,0.11,300
/workspace/data/BM3_1/2_FoV/processed/fluor_preds/34_Propidium iodide_500_XF111-2.tif,0.11,301
/workspace/data/BM3_1/2_FoV/processed/fluor_preds/34_Propidium iodide_500_XF111-2.tif,0.11,302
/workspace/data/BM3_1/2_FoV/processed/fluor_preds/34_Propidium iodide_500_XF111-2.tif,0.11,303
/workspace/data/BM3_1/2_FoV/processed/fluor_preds/34_Propidium iodide_500_XF111-2.tif,0.11,304
/workspace/data/BM3_1/2_FoV/processed/fluor_preds/34_Propidium iodide_500_XF111-2.tif,0.11,305
/workspace/data/BM3_1/2_FoV/processed/fluor_preds/34_Propidium iodide_500_XF111-2.tif,0.11,306
/workspace/data/BM3_1/2_FoV/processed/fluor_preds/34_Propidium iodide_500_XF111-2.tif,0.11,307
/workspace/data/BM3_1/2_FoV/processed/fluor_preds/34_Propidium iodide_500_XF111-2.tif,0.11,308
/workspace/data/BM3_1/2_FoV/processed/fluor_preds/34_Propidium iodide_500_XF111-2.tif,0.11,309
/workspace/data/BM3_1/2_FoV/processed/fluor_preds/34_Propidium iodide_500_XF111-2.tif,0.11,310
/workspace/data/BM3_1/2_FoV/processed/fluor_preds/34_Propidium iodide_500_XF111-2.tif,0.11,311
/workspace/data/BM3_1/2_FoV/processed/fluor_preds/34_Propidium iodide_500_XF111-2.tif,0.11,312
/workspace/data/BM3_1/2_FoV/processed/fluor_preds/34_Propidium iodide_500_XF111-2.tif,0.11,313
/workspace/data/BM3_1/2_FoV/processed/fluor_preds/34_Propidium iodide_500_XF111-2.tif,0.11,314
/workspace/data/BM3_1/2_FoV/processed/fluor_preds/34_Propidium iodide_500_XF111-2.tif,0.11,315
/workspace/data/BM3_1/2_FoV/processed/fluor_preds/34_Propidium iodide_500_XF111-2.tif,0.11,316
/workspace/data/BM3_1/2_FoV/processed/fluor_preds/34_Propidium iodide_500_XF111-2.tif,0.11,317
/workspace/data/BM3_1/2_FoV/processed/fluor_preds/34_Propidium iodide_500_XF111-2.tif,0.11,318
/workspace/data/BM3_1/2_FoV/processed/fluor_preds/34_Propidium iodide_500_XF111-2.tif,0.11,319
/workspace/data/BM3_1/2_FoV/processed/fluor_preds/34_Propidium iodide_500_XF111-2.tif,0.11,320
/workspace/data/BM3_1/2_FoV/processed/fluor_preds/34_Propidium iodide_500_XF111-2.tif,0.11,321
/workspace/data/BM3_1/2_FoV/processed/fluor_preds/34_Propidium iodide_500_XF111-2.tif,0.11,322
/workspace/data/BM3_1/2_FoV/processed/fluor_preds/34_Propidium iodide_500_XF111-2.tif,0.11,323
/workspace/data/BM3_1/2_FoV/processed/fluor_preds/34_Propidium iodide_500_XF111-2.tif,0.11,324
/workspace/data/BM3_1/2_FoV/processed/fluor_preds/34_Propidium iodide_500_XF111-2.tif,0.11,325
/workspace/data/BM3_1/2_FoV/processed/fluor_preds/34_Propidium iodide_500_XF111-2.tif,0.11,326
/workspace/data/BM3_1/2_FoV/processed/fluor_preds/34_Propidium iodide_500_XF111-2.tif,0.11,327
/workspace/data/BM3_1/2_FoV/processed/fluor_preds/34_Propidium iodide_500_XF111-2.tif,0.11,328
/workspace/data/BM3_1/2_FoV/processed/fluor_preds/34_Propidium iodide_500_XF111-2.tif,0.11,329
/workspace/data/BM3_1/2_FoV/processed/fluor_preds/34_Propidium iodide_500_XF111-2.tif,0.11,330
/workspace/data/BM3_1/2_FoV/processed/fluor_preds/34_Propidium iodide_500_XF111-2.tif,0.11,331
/workspace/data/BM3_1/2_FoV/processed/fluor_preds/34_Propidium iodide_500_XF111-2.tif,0.11,332
/workspace/data/BM3_1/2_FoV/processed/fluor_preds/34_Propidium iodide_500_XF111-2.tif,0.11,333
/workspace/data/BM3_1/2_FoV/processed/fluor_preds/34_Propidium iodide_500_XF111-2.tif,0.11,334
/workspace/data/BM3_1/2_FoV/processed/fluor_preds/34_Propidium iodide_500_XF111-2.tif,0.11,335
/workspace/data/BM3_1/2_FoV/processed/fluor_preds/34_Propidium iodide_500_XF111-2.tif,0.11,336
/workspace/data/BM3_1/2_FoV/processed/fluor_preds/34_Propidium iodide_500_XF111-2.tif,0.11,337
/workspace/data/BM3_1/2_FoV/processed/fluor_preds/34_Propidium iodide_500_XF111-2.tif,0.11,338
/workspace/data/BM3_1/2_FoV/processed/fluor_preds/34_Propidium iodide_500_XF111-2.tif,0.11,339
/workspace/data/BM3_1/2_FoV/processed/fluor_preds/34_Propidium iodide_500_XF111-2.tif,0.11,340
/workspace/data/BM3_1/2_FoV/processed/fluor_preds/34_Propidium iodide_500_XF111-2.tif,0.11,341
/workspace/data/BM3_1/2_FoV/processed/fluor_preds/34_Propidium iodide_500_XF111-2.tif,0.11,342
/workspace/data/BM3_1/2_FoV/processed/fluor_preds/34_Propidium iodide_500_XF111-2.tif,0.11,343
/workspace/data/BM3_1/2_FoV/processed/fluor_preds/34_Propidium iodide_500_XF111-2.tif,0.11,344
/workspace/data/BM3_1/2_FoV/processed/fluor_preds/34_Propidium iodide_500_XF111-2.tif,0.11,345
/workspace/data/BM3_1/2_FoV/processed/fluor_preds/34_Propidium iodide_500_XF111-2.tif,0.11,346
/workspace/data/BM3_1/2_FoV/processed/fluor_preds/34_Propidium iodide_500_XF111-2.tif,0.11,347
/workspace/data/BM3_1/2_FoV/processed/fluor_preds/34_Propidium iodide_500_XF111-2.tif,0.11,348
/workspace/data/BM3_1/2_FoV/processed/fluor_preds/34_Propidium iodide_500_XF111-2.tif,0.11,349
/workspace/data/BM3_1/2_FoV/processed/fluor_preds/34_Propidium iodide_500_XF111-2.tif,0.11,350
/workspace/data/BM3_1/2_FoV/processed/fluor_preds/34_Propidium iodide_500_XF111-2.tif,0.11,351
/workspace/data/BM3_1/2_FoV/processed/fluor_preds/34_Propidium iodide_500_XF111-2.tif,0.11,352
/workspace/data/BM3_1/2_FoV/processed/fluor_preds/34_Propidium iodide_500_XF111-2.tif,0.11,353
/workspace/data/BM3_1/2_FoV/processed/fluor_preds/34_Propidium iodide_500_XF111-2.tif,0.11,354
/workspace/data/BM3_1/2_FoV/processed/fluor_preds/34_Propidium iodide_500_XF111-2.tif,0.11,355
/workspace/data/BM3_1/2_FoV/processed/fluor_preds/34_Propidium iodide_500_XF111-2.tif,0.11,356
/workspace/data/BM3_1/2_FoV/processed/fluor_preds/34_Propidium iodide_500_XF111-2.tif,0.11,357
/workspace/data/BM3_1/2_FoV/processed/fluor_preds/34_Propidium iodide_500_XF111-2.tif,0.11,358
/workspace/data/BM3_1/2_FoV/processed/fluor_preds/34_Propidium iodide_500_XF111-2.tif,0.11,359
/workspace/data/BM3_1/2_FoV/processed/fluor_preds/34_Propidium iodide_500_XF111-2.tif,0.11,360
/workspace/data/BM3_1/2_FoV/processed/fluor_preds/34_Propidium iodide_500_XF111-2.tif,0.11,361
/workspace/data/BM3_1/2_FoV/processed/fluor_preds/34_Propidium iodide_500_XF111-2.tif,0.11,362
/workspace/data/BM3_1/2_FoV/processed/fluor_preds/34_Propidium iodide_500_XF111-2.tif,0.11,363
/workspace/data/BM3_1/2_FoV/processed/fluor_preds/34_Propidium iodide_500_XF111-2.tif,0.11,364
/workspace/data/BM3_1/2_FoV/processed/fluor_preds/34_Propidium iodide_500_XF111-2.tif,0.11,365
/workspace/data/BM3_1/2_FoV/processed/fluor_preds/34_Propidium iodide_500_XF111-2.tif,0.11,366
/workspace/data/BM3_1/2_FoV/processed/fluor_preds/34_Propidium iodide_500_XF111-2.tif,0.11,367
/workspace/data/BM3_1/2_FoV/processed/fluor_preds/34_Propidium iodide_500_XF111-2.tif,0.11,368
/workspace/data/BM3_1/2_FoV/processed/fluor_preds/34_Propidium iodide_500_XF111-2.tif,0.11,369
/workspace/data/BM3_1/2_FoV/processed/fluor_preds/34_Propidium iodide_500_XF111-2.tif,0.11,370
/workspace/data/BM3_1/2_FoV/processed/fluor_preds/34_Propidium iodide_500_XF111-2.tif,0.11,371
/workspace/data/BM3_1/2_FoV/processed/fluor_preds/34_Propidium iodide_500_XF111-2.tif,0.11,372
/workspace/data/BM3_1/2_FoV/processed/fluor_preds/34_Propidium iodide_500_XF111-2.tif,0.11,373
/workspace/data/BM3_1/2_FoV/processed/fluor_preds/34_Propidium iodide_500_XF111-2.tif,0.11,374
/workspace/data/BM3_1/2_FoV/processed/fluor_preds/34_Propidium iodide_500_XF111-2.tif,0.11,375
/workspace/data/BM3_1/2_FoV/processed/fluor_preds/34_Propidium iodide_500_XF111-2.tif,0.11,376
/workspace/data/BM3_1/2_FoV/processed/fluor_preds/34_Propidium iodide_500_XF111-2.tif,0.11,377
/workspace/data/BM3_1/2_FoV/processed/fluor_preds/34_Propidium iodide_500_XF111-2.tif,0.11,378
/workspace/data/BM3_1/2_FoV/processed/fluor_preds/34_Propidium iodide_500_XF111-2.tif,0.11,379
/workspace/data/BM3_1/2_FoV/processed/fluor_preds/34_Propidium iodide_500_XF111-2.tif,0.11,380
/workspace/data/BM3_1/2_FoV/processed/fluor_preds/34_Propidium iodide_500_XF111-2.tif,0.11,381
/workspace/data/BM3_1/2_FoV/processed/fluor_preds/34_Propidium iodide_500_XF111-2.tif,0.11,382
/workspace/data/BM3_1/2_FoV/processed/fluor_preds/34_Propidium iodide_500_XF111-2.tif,0.11,383
/workspace/data/BM3_1/2_FoV/processed/fluor_preds/34_Propidium iodide_500_XF111-2.tif,0.11,384
/workspace/data/BM3_1/2_FoV/processed/fluor_preds/34_Propidium iodide_500_XF111-2.tif,0.11,385
/workspace/data/BM3_1/2_FoV/processed/fluor_preds/34_Propidium iodide_500_XF111-2.tif,0.11,386
/workspace/data/BM3_1/2_FoV/processed/fluor_preds/34_Propidium iodide_500_XF111-2.tif,0.11,387
/workspace/data/BM3_1/2_FoV/processed/fluor_preds/34_Propidium iodide_500_XF111-2.tif,0.11,388
/workspace/data/BM3_1/2_FoV/processed/fluor_preds/34_Propidium iodide_500_XF111-2.tif,0.11,389
/workspace/data/BM3_1/2_FoV/processed/fluor_preds/34_Propidium iodide_500_XF111-2.tif,0.11,390
/workspace/data/BM3_1/2_FoV/processed/fluor_preds/34_Propidium iodide_500_XF111-2.tif,0.11,391
/workspace/data/BM3_1/2_FoV/processed/fluor_preds/34_Propidium iodide_500_XF111-2.tif,0.11,392
/workspace/data/BM3_1/2_FoV/processed/fluor_preds/34_Propidium iodide_500_XF111-2.tif,0.11,393
/workspace/data/BM3_1/2_FoV/processed/fluor_preds/34_Propidium iodide_500_XF111-2.tif,0.11,394
/workspace/data/BM3_1/2_FoV/processed/fluor_preds/34_Propidium iodide_500_XF111-2.tif,0.11,395
/workspace/data/BM3_1/2_FoV/processed/fluor_preds/34_Propidium iodide_500_XF111-2.tif,0.11,396
/workspace/data/BM3_1/2_FoV/processed/fluor_preds/34_Propidium iodide_500_XF111-2.tif,0.11,397
/workspace/data/BM3_1/2_FoV/processed/fluor_preds/34_Propidium iodide_500_XF111-2.tif,0.11,398
/workspace/data/BM3_1/2_FoV/processed/fluor_preds/34_Propidium iodide_500_XF111-2.tif,0.11,399
/workspace/data/BM3_1/2_FoV/processed/fluor_preds/34_Propidium iodide_500_XF111-2.tif,0.11,400
/workspace/data/BM3_1/2_FoV/processed/fluor_preds/34_Propidium iodide_500_XF111-2.tif,0.11,401
/workspace/data/BM3_1/2_FoV/processed/fluor_preds/34_Propidium iodide_500_XF111-2.tif,0.11,402
/workspace/data/BM3_1/2_FoV/processed/fluor_preds/34_Propidium iodide_500_XF111-2.tif,0.11,403
/workspace/data/BM3_1/2_FoV/processed/fluor_preds/34_Propidium iodide_500_XF111-2.tif,0.11,404
/workspace/data/BM3_1/2_FoV/processed/fluor_preds/34_Propidium iodide_500_XF111-2.tif,0.11,405
/workspace/data/BM3_1/2_FoV/processed/fluor_preds/34_Propidium iodide_500_XF111-2.tif,0.11,406
/workspace/data/BM3_1/2_FoV/processed/fluor_preds/34_Propidium iodide_500_XF111-2.tif,0.11,407
/workspace/data/BM3_1/2_FoV/processed/fluor_preds/34_Propidium iodide_500_XF111-2.tif,0.11,408
/workspace/data/BM3_1/2_FoV/processed/fluor_preds/34_Propidium iodide_500_XF111-2.tif,0.11,409
/workspace/data/BM3_1/2_FoV/processed/fluor_preds/34_Propidium iodide_500_XF111-2.tif,0.11,410
/workspace/data/BM3_1/2_FoV/processed/fluor_preds/34_Propidium iodide_500_XF111-2.tif,0.11,411
/workspace/data/BM3_1/2_FoV/processed/fluor_preds/34_Propidium iodide_500_XF111-2.tif,0.11,412
/workspace/data/BM3_1/2_FoV/processed/fluor_preds/34_Propidium iodide_500_XF111-2.tif,0.11,413
/workspace/data/BM3_1/2_FoV/processed/fluor_preds/34_Propidium iodide_500_XF111-2.tif,0.11,414
/workspace/data/BM3_1/2_FoV/processed/fluor_preds/34_Propidium iodide_500_XF111-2.tif,0.11,415
/workspace/data/BM3_1/2_FoV/processed/fluor_preds/34_Propidium iodide_500_XF111-2.tif,0.11,416
/workspace/data/BM3_1/2_FoV/processed/fluor_preds/34_Propidium iodide_500_XF111-2.tif,0.11,417
/workspace/data/BM3_1/2_FoV/processed/fluor_preds/34_Propidium iodide_500_XF111-2.tif,0.11,418
/workspace/data/BM3_1/2_FoV/processed/fluor_preds/34_Propidium iodide_500_XF111-2.tif,0.11,419
/workspace/data/BM3_1/2_FoV/processed/fluor_preds/34_Propidium iodide_500_XF111-2.tif,0.11,420
/workspace/data/BM3_1/2_FoV/processed/fluor_preds/34_Propidium iodide_500_XF111-2.tif,0.11,421
/workspace/data/BM3_1/2_FoV/processed/fluor_preds/34_Propidium iodide_500_XF111-2.tif,0.11,422
/workspace/data/BM3_1/2_FoV/processed/fluor_preds/34_Propidium iodide_500_XF111-2.tif,0.11,423
/workspace/data/BM3_1/2_FoV/processed/fluor_preds/34_Propidium iodide_500_XF111-2.tif,0.11,424
/workspace/data/BM3_1/2_FoV/processed/fluor_preds/34_Propidium iodide_500_XF111-2.tif,0.11,425
/workspace/data/BM3_1/2_FoV/processed/fluor_preds/34_Propidium iodide_500_XF111-2.tif,0.11,426
/workspace/data/BM3_1/2_FoV/processed/fluor_preds/34_Propidium iodide_500_XF111-2.tif,0.11,427
/workspace/data/BM3_1/2_FoV/processed/fluor_preds/34_Propidium iodide_500_XF111-2.tif,0.11,428
/workspace/data/BM3_1/2_FoV/processed/fluor_preds/34_Propidium iodide_500_XF111-2.tif,0.11,429
/workspace/data/BM3_1/2_FoV/processed/fluor_preds/34_Propidium iodide_500_XF111-2.tif,0.11,430
/workspace/data/BM3_1/2_FoV/processed/fluor_preds/34_Propidium iodide_500_XF111-2.tif,0.11,431
/workspace/data/BM3_1/2_FoV/processed/fluor_preds/34_Propidium iodide_500_XF111-2.tif,0.11,432
/workspace/data/BM3_1/2_FoV/processed/fluor_preds/34_Propidium iodide_500_XF111-2.tif,0.11,433
/workspace/data/BM3_1/2_FoV/processed/fluor_preds/34_Propidium iodide_500_XF111-2.tif,0.11,434
/workspace/data/BM3_1/2_FoV/processed/fluor_preds/34_Propidium iodide_500_XF111-2.tif,0.11,435
/workspace/data/BM3_1/2_FoV/processed/fluor_preds/34_Propidium iodide_500_XF111-2.tif,0.11,436
/workspace/data/BM3_1/2_FoV/processed/fluor_preds/34_Propidium iodide_500_XF111-2.tif,0.11,437
/workspace/data/BM3_1/2_FoV/processed/fluor_preds/34_Propidium iodide_500_XF111-2.tif,0.11,438
/workspace/data/BM3_1/2_FoV/processed/fluor_preds/34_Propidium iodide_500_XF111-2.tif,0.11,439
/workspace/data/BM3_1/2_FoV/processed/fluor_preds/34_Propidium iodide_500_XF111-2.tif,0.11,440
/workspace/data/BM3_1/2_FoV/processed/fluor_preds/34_Propidium iodide_500_XF111-2.tif,0.11,441
/workspace/data/BM3_1/2_FoV/processed/fluor_preds/34_Propidium iodide_500_XF111-2.tif,0.11,442
/workspace/data/BM3_1/2_FoV/processed/fluor_preds/34_Propidium iodide_500_XF111-2.tif,0.11,443
/workspace/data/BM3_1/2_FoV/processed/fluor_preds/34_Propidium iodide_500_XF111-2.tif,0.11,444
/workspace/data/BM3_1/2_FoV/processed/fluor_preds/34_Propidium iodide_500_XF111-2.tif,0.11,445
/workspace/data/BM3_1/2_FoV/processed/fluor_preds/34_Propidium iodide_500_XF111-2.tif,0.11,446
/workspace/data/BM3_1/2_FoV/processed/fluor_preds/34_Propidium iodide_500_XF111-2.tif,0.11,447
/workspace/data/BM3_1/2_FoV/processed/fluor_preds/34_Propidium iodide_500_XF111-2.tif,0.11,448
/workspace/data/BM3_1/2_FoV/processed/fluor_preds/34_Propidium iodide_500_XF111-2.tif,0.11,449
/workspace/data/BM3_1/2_FoV/processed/fluor_preds/34_Propidium iodide_500_XF111-2.tif,0.11,450
/workspace/data/BM3_1/2_FoV/processed/fluor_preds/34_Propidium iodide_500_XF111-2.tif,0.11,451
/workspace/data/BM3_1/2_FoV/processed/fluor_preds/34_Propidium iodide_500_XF111-2.tif,0.11,452
/workspace/data/BM3_1/2_FoV/processed/fluor_preds/34_Propidium iodide_500_XF111-2.tif,0.11,453
/workspace/data/BM3_1/2_FoV/processed/fluor_preds/34_Propidium iodide_500_XF111-2.tif,0.11,454
/workspace/data/BM3_1/2_FoV/processed/fluor_preds/34_Propidium iodide_500_XF111-2.tif,0.11,455
/workspace/data/BM3_1/2_FoV/processed/fluor_preds/34_Propidium iodide_500_XF111-2.tif,0.11,456
/workspace/data/BM3_1/2_FoV/processed/fluor_preds/34_Propidium iodide_500_XF111-2.tif,0.11,457
/workspace/data/BM3_1/2_FoV/processed/fluor_preds/34_Propidium iodide_500_XF111-2.tif,0.11,458
/workspace/data/BM3_1/2_FoV/processed/fluor_preds/34_Propidium iodide_500_XF111-2.tif,0.11,459
/workspace/data/BM3_1/2_FoV/processed/fluor_preds/34_Propidium iodide_500_XF111-2.tif,0.11,460
/workspace/data/BM3_1/2_FoV/processed/fluor_preds/34_Propidium iodide_500_XF111-2.tif,0.11,461
/workspace/data/BM3_1/2_FoV/processed/fluor_preds/34_Propidium iodide_500_XF111-2.tif,0.11,462
/workspace/data/BM3_1/2_FoV/processed/fluor_preds/34_Propidium iodide_500_XF111-2.tif,0.11,463
/workspace/data/BM3_1/2_FoV/processed/fluor_preds/34_Propidium iodide_500_XF111-2.tif,0.11,464
/workspace/data/BM3_1/2_FoV/processed/fluor_preds/34_Propidium iodide_500_XF111-2.tif,0.11,465
/workspace/data/BM3_1/2_FoV/processed/fluor_preds/34_Propidium iodide_500_XF111-2.tif,0.11,466
/workspace/data/BM3_1/2_FoV/processed/fluor_preds/34_Propidium iodide_500_XF111-2.tif,0.11,467
/workspace/data/BM3_1/2_FoV/processed/fluor_preds/34_Propidium iodide_500_XF111-2.tif,0.11,468
/workspace/data/BM3_1/2_FoV/processed/fluor_preds/34_Propidium iodide_500_XF111-2.tif,0.11,469
/workspace/data/BM3_1/2_FoV/processed/fluor_preds/34_Propidium iodide_500_XF111-2.tif,0.11,470
/workspace/data/BM3_1/2_FoV/processed/fluor_preds/34_Propidium iodide_500_XF111-2.tif,0.11,471
/workspace/data/BM3_1/2_FoV/processed/fluor_preds/34_Propidium iodide_500_XF111-2.tif,0.11,472
/workspace/data/BM3_1/2_FoV/processed/fluor_preds/34_Propidium iodide_500_XF111-2.tif,0.11,473
/workspace/data/BM3_1/2_FoV/processed/fluor_preds/34_Propidium iodide_500_XF111-2.tif,0.11,474
/workspace/data/BM3_1/2_FoV/processed/fluor_preds/34_Propidium iodide_500_XF111-2.tif,0.11,475
/workspace/data/BM3_1/2_FoV/processed/fluor_preds/34_Propidium iodide_500_XF111-2.tif,0.11,476
/workspace/data/BM3_1/2_FoV/processed/fluor_preds/34_Propidium iodide_500_XF111-2.tif,0.11,477
/workspace/data/BM3_1/2_FoV/processed/fluor_preds/34_Propidium iodide_500_XF111-2.tif,0.11,478
/workspace/data/BM3_1/2_FoV/processed/fluor_preds/34_Propidium iodide_500_XF111-2.tif,0.11,479
/workspace/data/BM3_1/2_FoV/processed/fluor_preds/34_Propidium iodide_500_XF111-2.tif,0.11,480
/workspace/data/BM3_1/2_FoV/processed/fluor_preds/34_Propidium iodide_500_XF111-2.tif,0.11,481
/workspace/data/BM3_1/2_FoV/processed/fluor_preds/34_Propidium iodide_500_XF111-2.tif,0.11,482
/workspace/data/BM3_1/2_FoV/processed/fluor_preds/34_Propidium iodide_500_XF111-2.tif,0.11,483
/workspace/data/BM3_1/2_FoV/processed/fluor_preds/34_Propidium iodide_500_XF111-2.tif,0.11,484
/workspace/data/BM3_1/2_FoV/processed/fluor_preds/34_Propidium iodide_500_XF111-2.tif,0.11,485
/workspace/data/BM3_1/2_FoV/processed/fluor_preds/34_Propidium iodide_500_XF111-2.tif,0.11,486
/workspace/data/BM3_1/2_FoV/processed/fluor_preds/34_Propidium iodide_500_XF111-2.tif,0.11,487
/workspace/data/BM3_1/2_FoV/processed/fluor_preds/34_Propidium iodide_500_XF111-2.tif,0.11,488
/workspace/data/BM3_1/2_FoV/processed/fluor_preds/34_Propidium iodide_500_XF111-2.tif,0.11,489
/workspace/data/BM3_1/2_FoV/processed/fluor_preds/34_Propidium iodide_500_XF111-2.tif,0.11,490
/workspace/data/BM3_1/2_FoV/processed/fluor_preds/34_Propidium iodide_500_XF111-2.tif,0.11,491
/workspace/data/BM3_1/2_FoV/processed/fluor_preds/34_Propidium iodide_500_XF111-2.tif,0.11,492
/workspace/data/BM3_1/2_FoV/processed/fluor_preds/34_Propidium iodide_500_XF111-2.tif,0.11,493
/workspace/data/BM3_1/2_FoV/processed/fluor_preds/34_Propidium iodide_500_XF111-2.tif,0.11,494
/workspace/data/BM3_1/2_FoV/processed/fluor_preds/34_Propidium iodide_500_XF111-2.tif,0.11,495
/workspace/data/BM3_1/2_FoV/processed/fluor_preds/34_Propidium iodide_500_XF111-2.tif,0.11,496
/workspace/data/BM3_1/2_FoV/processed/fluor_preds/34_Propidium iodide_500_XF111-2.tif,0.11,497
/workspace/data/BM3_1/2_FoV/processed/fluor_preds/34_Propidium iodide_500_XF111-2.tif,0.11,498
/workspace/data/BM3_1/2_FoV/processed/fluor_preds/34_Propidium iodide_500_XF111-2.tif,0.11,499
/workspace/data/BM3_1/2_FoV/processed/fluor_preds/34_Propidium iodide_500_XF111-2.tif,0.11,500
/workspace/data/BM3_1/2_FoV/processed/fluor_preds/34_Propidium iodide_500_XF111-2.tif,0.11,501
/workspace/data/BM3_1/2_FoV/processed/fluor_preds/34_Propidium iodide_500_XF111-2.tif,0.11,502
/workspace/data/BM3_1/2_FoV/processed/fluor_preds/34_Propidium iodide_500_XF111-2.tif,0.11,503
/workspace/data/BM3_1/2_FoV/processed/fluor_preds/34_Propidium iodide_500_XF111-2.tif,0.11,504
/workspace/data/BM3_1/2_FoV/processed/fluor_preds/34_Propidium iodide_500_XF111-2.tif,0.11,505
/workspace/data/BM3_1/2_FoV/processed/fluor_preds/34_Propidium iodide_500_XF111-2.tif,0.11,506
/workspace/data/BM3_1/2_FoV/processed/fluor_preds/34_Propidium iodide_500_XF111-2.tif,0.11,507
/workspace/data/BM3_1/2_FoV/processed/fluor_preds/34_Propidium iodide_500_XF111-2.tif,0.11,508
/workspace/data/BM3_1/2_FoV/processed/fluor_preds/34_Propidium iodide_500_XF111-2.tif,0.11,509
/workspace/data/BM3_1/2_FoV/processed/fluor_preds/34_Propidium iodide_500_XF111-2.tif,0.11,510
/workspace/data/BM3_1/2_FoV/processed/fluor_preds/34_Propidium iodide_500_XF111-2.tif,0.11,511
/workspace/data/BM3_1/2_FoV/processed/fluor_preds/34_Propidium iodide_500_XF111-2.tif,0.11,512
/workspace/data/BM3_1/2_FoV/processed/fluor_preds/34_Propidium iodide_500_XF111-2.tif,0.11,513
/workspace/data/BM3_1/2_FoV/processed/fluor_preds/34_Propidium iodide_500_XF111-2.tif,0.11,514
/workspace/data/BM3_1/2_FoV/processed/fluor_preds/34_Propidium iodide_500_XF111-2.tif,0.11,515
/workspace/data/BM3_1/2_FoV/processed/fluor_preds/34_Propidium iodide_500_XF111-2.tif,0.11,516
/workspace/data/BM3_1/2_FoV/processed/fluor_preds/34_Propidium iodide_500_XF111-2.tif,0.11,517
/workspace/data/BM3_1/2_FoV/processed/fluor_preds/34_Propidium iodide_500_XF111-2.tif,0.11,518
/workspace/data/BM3_1/2_FoV/processed/fluor_preds/34_Propidium iodide_500_XF111-2.tif,0.11,519
/workspace/data/BM3_1/2_FoV/processed/fluor_preds/34_Propidium iodide_500_XF111-2.tif,0.11,520
/workspace/data/BM3_1/2_FoV/processed/fluor_preds/34_Propidium iodide_500_XF111-2.tif,0.11,521
/workspace/data/BM3_1/2_FoV/processed/fluor_preds/34_Propidium iodide_500_XF111-2.tif,0.11,522
/workspace/data/BM3_1/2_FoV/processed/fluor_preds/34_Propidium iodide_500_XF111-2.tif,0.11,523
/workspace/data/BM3_1/2_FoV/processed/fluor_preds/34_Propidium iodide_500_XF111-2.tif,0.11,524
/workspace/data/BM3_1/2_FoV/processed/fluor_preds/34_Propidium iodide_500_XF111-2.tif,0.11,525
/workspace/data/BM3_1/2_FoV/processed/fluor_preds/34_Propidium iodide_500_XF111-2.tif,0.11,526
/workspace/data/BM3_1/2_FoV/processed/fluor_preds/34_Propidium iodide_500_XF111-2.tif,0.11,527
/workspace/data/BM3_1/2_FoV/processed/fluor_preds/34_Propidium iodide_500_XF111-2.tif,0.11,528
/workspace/data/BM3_1/2_FoV/processed/fluor_preds/34_Propidium iodide_500_XF111-2.tif,0.11,529
/workspace/data/BM3_1/2_FoV/processed/fluor_preds/34_Propidium iodide_500_XF111-2.tif,0.11,530
/workspace/data/BM3_1/2_FoV/processed/fluor_preds/34_Propidium iodide_500_XF111-2.tif,0.11,531
/workspace/data/BM3_1/2_FoV/processed/fluor_preds/34_Propidium iodide_500_XF111-2.tif,0.11,532
/workspace/data/BM3_1/2_FoV/processed/fluor_preds/34_Propidium iodide_500_XF111-2.tif,0.11,533
/workspace/data/BM3_1/2_FoV/processed/fluor_preds/34_Propidium iodide_500_XF111-2.tif,0.11,534
/workspace/data/BM3_1/2_FoV/processed/fluor_preds/34_Propidium iodide_500_XF111-2.tif,0.11,535
/workspace/data/BM3_1/2_FoV/processed/fluor_preds/34_Propidium iodide_500_XF111-2.tif,0.11,536
/workspace/data/BM3_1/2_FoV/processed/fluor_preds/34_Propidium iodide_500_XF111-2.tif,0.11,537
/workspace/data/BM3_1/2_FoV/processed/fluor_preds/34_Propidium iodide_500_XF111-2.tif,0.11,538
/workspace/data/BM3_1/2_FoV/processed/fluor_preds/34_Propidium iodide_500_XF111-2.tif,0.11,539
/workspace/data/BM3_1/2_FoV/processed/fluor_preds/34_Propidium iodide_500_XF111-2.tif,0.11,540
/workspace/data/BM3_1/2_FoV/processed/fluor_preds/34_Propidium iodide_500_XF111-2.tif,0.11,541
/workspace/data/BM3_1/2_FoV/processed/fluor_preds/34_Propidium iodide_500_XF111-2.tif,0.11,542
/workspace/data/BM3_1/2_FoV/processed/fluor_preds/34_Propidium iodide_500_XF111-2.tif,0.11,543
/workspace/data/BM3_1/2_FoV/processed/fluor_preds/34_Propidium iodide_500_XF111-2.tif,0.11,544
/workspace/data/BM3_1/2_FoV/processed/fluor_preds/34_Propidium iodide_500_XF111-2.tif,0.11,545
/workspace/data/BM3_1/2_FoV/processed/fluor_preds/34_Propidium iodide_500_XF111-2.tif,0.11,546
/workspace/data/BM3_1/2_FoV/processed/fluor_preds/34_Propidium iodide_500_XF111-2.tif,0.11,547
/workspace/data/BM3_1/2_FoV/processed/fluor_preds/34_Propidium iodide_500_XF111-2.tif,0.11,548
/workspace/data/BM3_1/2_FoV/processed/fluor_preds/34_Propidium iodide_500_XF111-2.tif,0.11,549
/workspace/data/BM3_1/2_FoV/processed/fluor_preds/34_Propidium iodide_500_XF111-2.tif,0.11,550
/workspace/data/BM3_1/2_FoV/processed/fluor_preds/34_Propidium iodide_500_XF111-2.tif,0.11,551
/workspace/data/BM3_1/2_FoV/processed/fluor_preds/34_Propidium iodide_500_XF111-2.tif,0.11,552
/workspace/data/BM3_1/2_FoV/processed/fluor_preds/34_Propidium iodide_500_XF111-2.tif,0.11,553
/workspace/data/BM3_1/2_FoV/processed/fluor_preds/34_Propidium iodide_500_XF111-2.tif,0.11,554
/workspace/data/BM3_1/2_FoV/processed/fluor_preds/34_Propidium iodide_500_XF111-2.tif,0.11,555
/workspace/data/BM3_1/2_FoV/processed/fluor_preds/34_Propidium iodide_500_XF111-2.tif,0.11,556
/workspace/data/BM3_1/2_FoV/processed/fluor_preds/34_Propidium iodide_500_XF111-2.tif,0.11,557
/workspace/data/BM3_1/2_FoV/processed/fluor_preds/34_Propidium iodide_500_XF111-2.tif,0.11,558
/workspace/data/BM3_1/2_FoV/processed/fluor_preds/34_Propidium iodide_500_XF111-2.tif,0.11,559
/workspace/data/BM3_1/2_FoV/processed/fluor_preds/34_Propidium iodide_500_XF111-2.tif,0.11,560
/workspace/data/BM3_1/2_FoV/processed/fluor_preds/34_Propidium iodide_500_XF111-2.tif,0.11,561
/workspace/data/BM3_1/2_FoV/processed/fluor_preds/34_Propidium iodide_500_XF111-2.tif,0.11,562
/workspace/data/BM3_1/2_FoV/processed/fluor_preds/34_Propidium iodide_500_XF111-2.tif,0.11,563
/workspace/data/BM3_1/2_FoV/processed/fluor_preds/34_Propidium iodide_500_XF111-2.tif,0.11,564
/workspace/data/BM3_1/2_FoV/processed/fluor_preds/34_Propidium iodide_500_XF111-2.tif,0.11,565
/workspace/data/BM3_1/2_FoV/processed/fluor_preds/34_Propidium iodide_500_XF111-2.tif,0.11,566
/workspace/data/BM3_1/2_FoV/processed/fluor_preds/34_Propidium iodide_500_XF111-2.tif,0.11,567
/workspace/data/BM3_1/2_FoV/processed/fluor_preds/34_Propidium iodide_500_XF111-2.tif,0.11,568
/workspace/data/BM3_1/2_FoV/processed/fluor_preds/34_Propidium iodide_500_XF111-2.tif,0.11,569
/workspace/data/BM3_1/2_FoV/processed/fluor_preds/34_Propidium iodide_500_XF111-2.tif,0.11,570
/workspace/data/BM3_1/2_FoV/processed/fluor_preds/34_Propidium iodide_500_XF111-2.tif,0.11,571
/workspace/data/BM3_1/2_FoV/processed/fluor_preds/34_Propidium iodide_500_XF111-2.tif,0.11,572
/workspace/data/BM3_1/2_FoV/processed/fluor_preds/34_Propidium iodide_500_XF111-2.tif,0.11,573
/workspace/data/BM3_1/2_FoV/processed/fluor_preds/34_Propidium iodide_500_XF111-2.tif,0.11,574
/workspace/data/BM3_1/2_FoV/processed/fluor_preds/34_Propidium iodide_500_XF111-2.tif,0.11,575
